id,auxilio_socioeconomico
40,BP3
60,BP4
68,BP3
70,BP4
82,BP3
103,BP4
104,BP4
105,BP2
113,BP4
122,BP2
125,BP3
137,BP3
157,BP3
164,BP4
176,BP2
180,BP3
190,BP4
196,BP2
204,BP4
209,BP2
210,BP3
223,BP3
232,BP3
247,BP2
261,BP2
265,BP2
268,BP3
306,BP3
307,BP3
325,BP2
332,BP3
333,BP3
336,BP2
337,BP2
338,BP2
345,BP2
358,BP3
416,BP3
425,BP2
426,BP2
438,BP3
439,BP3
445,BP3
446,BP3
448,BP3
449,BP3
452,BP4
455,BP3
456,BP3
463,BP4
464,BP4
489,BP2
490,BP2
510,BP3
513,BP2
560,BP3
561,BP3
562,BP3
563,BP3
566,BP3
567,BP3
570,BP4
571,BP4
598,BP4
599,BP4
614,BP3
615,BP3
641,BP4
643,BP3
644,BP3
649,BP3
650,BP3
658,BP3
659,BP3
662,BP3
663,BP3
665,BP4
666,BP4
671,BP3
672,BP3
673,BP3
674,BP3
680,BP2
681,BP2
688,BP2
689,BP2
695,BP4
696,BP4
697,BP4
702,BP2
703,BP2
718,BP3
719,BP3
722,BP3
723,BP3
730,BP4
731,BP4
734,BP3
735,BP3
785,BP3
796,BP4
797,BP4
809,BP3
810,BP3
818,BP3
819,BP3
825,BP3
832,BP3
833,BP3
835,BP4
836,BP4
837,BP3
838,BP3
841,BP2
859,BP2
860,BP2
867,BP3
914,BP3
915,BP3
918,BP3
919,BP3
920,BP3
921,BP2
922,BP2
923,BP2
924,BP2
925,BP2
926,BP2
929,BP4
930,BP4
938,BP4
939,BP4
961,BP3
962,BP3
971,BP3
972,BP3
978,BP3
983,BP4
996,BP2
997,BP2
1001,BP2
1029,BP3
1038,BP4
1041,BP3
1042,BP3
1043,BP3
1052,BP3
1055,BP3
1060,BP4
1070,BP3
1077,BP3
1079,BP3
1081,BP2
1093,BP3
1095,BP3
1128,BP4
1149,BP4
1151,BP3
1153,BP2
1157,BP2
1164,BP1
1165,BP4
1172,BP4
1176,BP3
1197,BP3
1201,BP3
1255,BP4
1262,BP3
1275,BP4
1281,BP3
1290,BP3
1297,BP3
1301,BP4
1306,BP3
1307,BP2
1313,BP3
1321,BP3
1337,BP3
1363,BP2
1364,BP4
1373,BP4
1380,BP4
1399,BP4
1408,BP3
1419,BP4
1423,BP3
1455,BP3
1456,BP3
1457,BP2
1459,BP4
1475,BP3
1483,BP4
1485,BP4
1494,BP4
1499,BP3
1501,BP3
1502,BP3
1512,BP4
1518,BP3
1534,BP2
1543,BP2
1564,BP2
1571,BP3
1574,BP4
1588,BP4
1601,BP4
1619,BP3
1630,BP3
1631,BP2
1654,BP3
1676,BP2
1678,BP2
1685,BP3
1686,BP4
1700,BP3
1724,BP2
1749,BP3
1752,BP3
1755,BP2
1770,BP2
1778,BP2
1779,BP2
1783,BP2
1791,BP3
1792,BP4
1796,BP4
1797,BP4
1799,BP3
1808,BP3
1810,BP4
1821,BP3
1822,BP4
1876,BP2
1877,BP4
1880,BP4
1922,BP3
1939,BP2
1945,BP2
1951,BP3
1954,BP4
1958,BP4
1964,BP3
1976,BP4
1979,BP3
1983,BP4
1997,BP3
2014,BP4
2024,BP4
2030,BP4
2031,BP4
2039,BP3
2041,BP2
2044,BP2
2048,BP2
2054,BP3
2059,BP3
2060,BP4
2062,BP3
2079,BP3
2091,BP3
2095,BP2
2100,BP2
2106,BP3
2112,BP4
2119,BP4
2127,BP4
2134,BP3
2135,BP4
2159,BP3
2164,BP4
2188,BP3
2193,BP3
2208,BP4
2215,BP2
2217,BP3
2225,BP3
2233,BP3
2245,BP3
2250,BP3
2251,BP4
2261,BP4
2262,BP2
2268,BP4
2271,BP2
2272,BP3
2281,BP4
2283,BP3
2284,BP4
2289,BP3
2295,BP4
2317,BP2
2331,BP3
2346,BP2
2348,BP2
2353,BP3
2357,BP3
2362,BP2
2378,BP3
2379,BP4
2387,BP2
2388,BP2
2392,BP3
2404,BP2
2409,BP3
2416,BP2
2440,BP2
2448,BP2
2453,BP4
2465,BP2
2476,BP3
2477,BP3
2484,BP4
2489,BP2
2497,BP3
2520,BP4
2526,BP4
2528,BP4
2566,BP2
2573,BP2
2579,BP4
2581,BP3
2584,BP4
2586,BP3
2587,BP2
2588,BP3
2603,BP3
2606,BP3
2607,BP4
2609,BP4
2613,BP4
2614,BP3
2617,BP3
2628,BP3
2636,BP4
2638,BP2
2651,BP3
2671,BP4
2718,BP3
2726,BP4
2771,BP4
2780,BP2
2785,BP3
2799,BP4
2817,BP3
2819,BP3
2829,BP4
2838,BP4
2843,BP2
2858,BP3
2878,BP3
2906,BP4
2911,BP4
2926,BP3
2927,BP4
2959,BP3
2960,BP3
2974,BP2
2975,BP3
2986,BP3
3027,BP3
3040,BP2
3044,BP2
3103,BP3
3118,BP4
3122,BP3
3125,BP4
3136,BP2
3141,BP3
3154,BP3
3157,BP2
3159,BP3
3172,BP4
3173,BP2
3179,BP4
3192,BP2
3204,BP4
3207,BP4
3213,BP3
3216,BP3
3225,BP2
3242,BP3
3247,BP1
3260,BP3
3279,BP2
3291,BP4
3314,BP3
3319,BP4
3320,BP4
3330,BP4
3336,BP2
3339,BP4
3360,BP3
3361,BP3
3369,BP3
3371,BP4
3374,BP3
3377,BP4
3389,BP4
3394,BP3
3395,BP3
3407,BP3
3445,BP4
3483,BP2
3526,BP4
3535,BP3
3545,BP2
3577,BP2
3579,BP2
3614,BP3
3677,BP4
3692,BP3
3693,BP3
3698,BP4
3717,BP2
3718,BP2
3744,BP4
3748,BP2
3783,BP3
3861,BP3
4020,BP4
4069,BP3
4075,BP3
4105,BP4
4109,BP3
4115,BP4
4116,BP2
4128,BP2
4129,BP2
4135,BP4
4140,BP2
4150,BP4
4151,BP4
4158,BP4
4166,BP3
4167,BP3
4170,BP2
4174,BP4
4175,BP4
4183,BP1
4188,BP4
4200,BP3
4202,BP4
4203,BP4
4213,BP3
4216,BP3
4217,BP3
4219,BP4
4220,BP4
4222,BP4
4223,BP4
4226,BP3
4227,BP3
4234,BP4
4235,BP4
4237,BP4
4242,BP4
4243,BP4
4245,BP1
4247,BP4
4248,BP4
4250,BP2
4275,BP3
4286,BP2
4287,BP2
4294,BP4
4299,BP4
4304,BP2
4310,BP2
4324,BP4
4359,BP1
4363,BP1
4369,BP3
4373,BP2
4380,BP2
4384,BP4
4387,BP2
4393,BP3
4397,BP3
4398,BP3
4399,BP3
4414,BP3
4416,BP3
4438,BP2
4440,BP3
4444,BP3
4468,BP3
4481,BP4
4504,BP4
4517,BP4
4523,BP4
4526,BP4
4538,BP4
4557,BP4
4571,BP4
4578,BP4
4604,BP3
4633,BP4
4638,BP4
4648,BP1
4669,BP3
4672,BP3
4675,BP1
4676,BP4
4678,BP2
4685,BP4
4716,BP2
4719,BP4
4721,BP4
4742,BP4
4744,BP3
4764,BP3
4776,BP4
4788,BP4
4801,BP4
4811,BP4
4813,BP4
4817,BP3
4827,BP4
4835,BP3
4842,BP4
4846,BP4
4854,BP2
4855,BP4
4871,BP3
4874,BP3
4887,BP4
4895,BP4
4897,BP4
4936,BP2
4949,BP2
4964,BP2
4969,BP3
5019,BP4
5025,BP4
5031,BP3
5047,BP3
5058,BP4
5072,BP3
5086,BP2
5112,BP4
5113,BP1
5123,BP3
5144,BP4
5146,BP1
5151,BP3
5154,BP4
5179,BP4
5185,BP4
5251,BP4
5260,BP3
5269,BP4
5311,BP4
5316,BP2
5317,BP4
5339,BP4
5346,BP4
5347,BP4
5350,BP4
5351,BP4
5364,BP2
5366,BP2
5377,BP3
5389,BP4
5397,BP4
5409,BP1
5428,BP3
5437,BP3
5458,BP3
5469,BP3
5482,BP4
5483,BP4
5493,BP4
5495,BP4
5496,BP4
5509,BP4
5515,BP4
5520,BP3
5535,BP3
5538,BP2
5545,BP4
5546,BP4
5567,BP3
5568,BP3
5570,BP4
5574,BP3
5580,BP4
5581,BP4
5593,BP4
5594,BP4
5595,BP4
5607,BP4
5623,BP3
5627,BP4
5628,BP4
5636,BP4
5641,BP4
5642,BP4
5658,BP4
5659,BP4
5678,BP2
5679,BP2
5685,BP4
5686,BP3
5707,BP3
5710,BP3
5716,BP3
5721,BP3
5725,BP4
5726,BP4
5735,BP4
5737,BP4
5744,BP2
5772,BP2
5777,BP2
5784,BP3
5787,BP2
5788,BP4
5804,BP2
5822,BP4
5833,BP4
5848,BP3
5852,BP4
5881,BP2
5897,BP4
5908,BP3
5909,BP4
5915,BP4
5921,BP4
5938,BP4
5951,BP2
5961,BP3
5977,BP4
5989,BP3
5990,BP2
5996,BP3
6006,BP4
6008,BP3
6054,BP3
6074,BP3
6079,BP4
6080,BP3
6081,BP4
6095,BP4
6097,BP3
6120,BP4
6124,BP4
6141,BP3
6143,BP3
6152,BP4
6153,BP3
6155,BP2
6156,BP4
6172,BP3
6176,BP4
6192,BP4
6197,BP3
6200,BP3
6218,BP4
6223,BP3
6238,BP4
6268,BP3
6276,BP3
6279,BP4
6280,BP3
6318,BP4
6336,BP3
6339,BP4
6340,BP4
6359,BP1
6363,BP3
6365,BP3
6369,BP3
6370,BP4
6380,BP3
6394,BP3
6397,BP2
6426,BP4
6429,BP2
6433,BP2
6434,BP3
6449,BP3
6450,BP4
6455,BP3
6462,BP3
6476,BP4
6487,BP4
6495,BP2
6496,BP4
6501,BP4
6524,BP3
6549,BP4
6558,BP4
6559,BP2
6571,BP4
6594,BP4
6602,BP4
6605,BP3
6622,BP1
6629,BP4
6657,BP4
6689,BP3
6690,BP4
6702,BP4
6726,BP3
6743,BP4
6751,BP3
6762,BP3
6766,BP4
6767,BP4
6771,BP3
6772,BP4
6786,BP3
6798,BP3
6802,BP3
6804,BP4
6827,BP4
6852,BP4
6878,BP3
6902,BP3
6904,BP3
6912,BP4
6913,BP2
6927,BP3
6939,BP2
6988,BP3
6994,BP3
7002,BP4
7010,BP3
7017,BP3
7018,BP3
7027,BP4
7028,BP4
7036,BP3
7053,BP3
7060,BP4
7061,BP3
7092,BP3
7106,BP3
7119,BP3
7134,BP3
7138,BP4
7140,BP4
7148,BP4
7149,BP3
7150,BP4
7167,BP3
7170,BP2
7185,BP3
7200,BP4
7212,BP4
7214,BP4
7215,BP2
7219,BP3
7240,BP3
7241,BP4
7246,BP4
7277,BP4
7299,BP3
7316,BP3
7322,BP4
7332,BP2
7343,BP2
7361,BP4
7362,BP4
7363,BP2
7364,BP2
7378,BP3
7381,BP3
7383,BP3
7384,BP3
7393,BP2
7394,BP2
7403,BP2
7410,BP2
7411,BP2
7413,BP3
7414,BP3
7430,BP3
7431,BP3
7432,BP3
7436,BP4
7450,BP3
7451,BP3
7459,BP3
7460,BP3
7468,BP3
7469,BP3
7475,BP2
7477,BP3
7478,BP3
7480,BP4
7482,BP3
7485,BP4
7486,BP2
7487,BP4
7498,BP3
7499,BP3
7507,BP1
7508,BP1
7519,BP2
7524,BP2
7526,BP3
7527,BP3
7540,BP2
7541,BP2
7542,BP3
7554,BP2
7555,BP2
7564,BP3
7565,BP3
7581,BP1
7583,BP3
7597,BP3
7619,BP3
7626,BP4
7629,BP3
7640,BP4
7648,BP2
7650,BP2
7654,BP2
7657,BP3
7663,BP3
7667,BP3
7682,BP3
7697,BP2
7701,BP1
7712,BP3
7716,BP2
7722,BP3
7725,BP2
7727,BP1
7740,BP4
7755,BP3
7758,BP3
7763,BP3
7787,BP3
7791,BP3
7804,BP3
7812,BP3
7813,BP3
7829,BP3
7836,BP3
7841,BP3
7847,BP2
7851,BP1
7869,BP3
7881,BP3
7900,BP3
7903,BP4
7904,BP3
7905,BP3
7907,BP3
7923,BP4
7970,BP2
7979,BP3
7990,BP2
7997,BP2
7998,BP3
8000,BP3
8033,BP3
8046,BP4
8047,BP3
8067,BP3
8074,BP3
8093,BP2
8103,BP2
8108,BP2
8109,BP4
8112,BP1
8114,BP2
8116,BP4
8117,BP3
8121,BP2
8170,BP3
8179,BP2
8191,BP3
8201,BP4
8204,BP4
8228,BP2
8231,BP3
8276,BP3
8279,BP4
8281,BP3
8291,BP2
8294,BP4
8295,BP1
8298,BP3
8301,BP3
8309,BP4
8312,BP3
8331,BP2
8344,BP1
8362,BP3
8363,BP4
8370,BP3
8399,BP4
8409,BP3
8413,BP3
8436,BP2
8461,BP2
8463,BP3
8471,BP2
8480,BP2
8483,BP3
8493,BP2
8495,BP4
8509,BP2
8514,BP2
8518,BP3
8521,BP3
8539,BP3
8553,BP4
8556,BP3
8560,BP3
8561,BP2
8565,BP2
8584,BP2
8616,BP3
8624,BP3
8633,BP3
8658,BP3
8692,BP3
8707,BP4
8709,BP2
8724,BP2
8727,BP4
8737,BP2
8740,BP3
8744,BP4
8755,BP1
8759,BP3
8772,BP2
8774,BP2
8781,BP2
8798,BP3
8800,BP3
8803,BP2
8809,BP3
8817,BP3
8825,BP2
8831,BP3
8845,BP2
8866,BP2
8875,BP2
8888,BP3
8896,BP2
8910,BP2
8911,BP4
8915,BP4
8918,BP2
8921,BP2
8925,BP2
8930,BP3
8938,BP3
8942,BP3
8969,BP3
8973,BP4
8976,BP3
8980,BP4
8982,BP3
8985,BP4
9004,BP4
9026,BP3
9029,BP1
9071,BP2
9084,BP4
9088,BP4
9098,BP3
9102,BP3
9112,BP2
9117,BP2
9132,BP4
9134,BP4
9136,BP3
9137,BP4
9142,BP2
9145,BP2
9151,BP4
9153,BP3
9161,BP2
9165,BP2
9178,BP2
9181,BP3
9187,BP3
9195,BP4
9203,BP4
9206,BP3
9208,BP4
9212,BP3
9215,BP3
9219,BP4
9222,BP3
9226,BP4
9230,BP1
9233,BP2
9236,BP4
9239,BP4
9241,BP4
9255,BP4
9265,BP4
9273,BP4
9276,BP3
9292,BP3
9293,BP2
9356,BP4
9367,BP4
9369,BP3
9389,BP4
9390,BP4
9402,BP3
9411,BP3
9425,BP1
9447,BP4
9464,BP4
9473,BP4
9504,BP2
9519,BP3
9528,BP4
9530,BP4
9534,BP3
9550,BP3
9566,BP4
9567,BP2
9573,BP2
9574,BP2
9581,BP2
9595,BP2
9598,BP4
9602,BP4
9613,BP4
9618,BP2
9624,BP2
9625,BP4
9626,BP4
9627,BP3
9628,BP3
9646,BP1
9652,BP4
9670,BP4
9672,BP3
9673,BP3
9678,BP3
9695,BP2
9702,BP2
9703,BP2
9704,BP3
9705,BP3
9719,BP3
9724,BP4
9725,BP4
9727,BP4
9728,BP4
9729,BP4
9742,BP2
9746,BP2
9749,BP3
9766,BP4
9767,BP3
9768,BP4
9785,BP2
9789,BP4
9810,BP4
9811,BP2
9813,BP4
9821,BP3
9852,BP2
9854,BP4
9855,BP4
9861,BP4
9864,BP4
9870,BP4
9873,BP2
9903,BP2
9904,BP3
9906,BP4
9913,BP4
9921,BP3
9923,BP2
9927,BP4
9931,BP1
9933,BP3
9956,BP3
9962,BP2
9968,BP3
9971,BP3
10021,BP4
10024,BP4
10043,BP2
10048,BP2
10068,BP1
10070,BP4
10071,BP3
10082,BP2
10090,BP4
10093,BP4
10099,BP4
10104,BP2
10106,BP4
10120,BP2
10124,BP2
10143,BP4
10182,BP4
10195,BP1
10199,BP3
10207,BP2
10212,BP3
10220,BP3
10225,BP4
10226,BP4
10235,BP1
10240,BP2
10260,BP3
10261,BP3
10262,BP3
10307,BP3
10314,BP1
10317,BP2
10318,BP4
10321,BP2
10324,BP3
10338,BP2
10339,BP2
10404,BP4
10475,BP2
10487,BP2
10492,BP2
10493,BP4
10500,BP2
10502,BP2
10503,BP4
10506,BP3
10523,BP2
10526,BP3
10532,BP2
10568,BP2
10571,BP3
10572,BP2
10594,BP3
10595,BP3
10598,BP2
10601,BP2
10605,BP1
10607,BP4
10610,BP1
10611,BP2
10612,BP2
10613,BP1
10615,BP1
10618,BP4
10623,BP3
10627,BP3
10632,BP3
10641,BP2
10643,BP3
10644,BP1
10652,BP2
10660,BP2
10666,BP4
10669,BP3
10675,BP1
10678,BP2
10695,BP4
10697,BP1
10708,BP4
10710,BP2
10711,BP3
10719,BP3
10721,BP2
10722,BP2
10732,BP2
10752,BP1
10754,BP4
10760,BP2
10763,BP3
10765,BP2
10772,BP3
10779,BP4
10794,BP3
10805,BP1
10823,BP3
10832,BP4
10860,BP2
10864,BP4
10865,BP4
10878,BP3
10880,BP3
10890,BP3
10897,BP4
10904,BP4
10934,BP4
10940,BP2
10941,BP2
10946,BP2
10967,BP2
10969,BP2
10978,BP4
10985,BP3
10988,BP2
10989,BP2
10996,BP1
11002,BP4
11022,BP3
11031,BP4
11035,BP2
11046,BP3
11068,BP4
11079,BP3
11082,BP4
11109,BP1
11110,BP2
11119,BP3
11121,BP2
11128,BP2
11142,BP3
11158,BP1
11161,BP3
11170,BP4
11172,BP2
11182,BP2
11194,BP3
11197,BP2
11206,BP3
11209,BP1
11213,BP3
11216,BP3
11225,BP3
11228,BP1
11240,BP4
11250,BP2
11258,BP4
11259,BP3
11263,BP1
11266,BP1
11273,BP3
11276,BP4
11280,BP2
11282,BP3
11297,BP3
11298,BP4
11309,BP4
11314,BP3
11331,BP4
11337,BP4
11339,BP4
11344,BP2
11356,BP3
11357,BP4
11359,BP2
11360,BP2
11363,BP4
11368,BP2
11373,BP2
11374,BP4
11387,BP3
11399,BP2
11405,BP4
11407,BP1
11420,BP4
11425,BP2
11432,BP4
11433,BP4
11445,BP4
11446,BP4
11476,BP3
11477,BP3
11489,BP4
11490,BP4
11496,BP4
11525,BP3
11529,BP4
11537,BP4
11594,BP3
11602,BP4
11618,BP4
11674,BP4
11681,BP1
11683,BP3
11689,BP4
11723,BP3
11768,BP4
11790,BP4
11802,BP4
11815,BP3
11840,BP3
11852,BP4
11864,BP4
11888,BP4
11896,BP4
11920,BP3
11924,BP4
11938,BP4
11942,BP4
11944,BP3
11950,BP3
11970,BP4
11994,BP3
12003,BP3
12006,BP4
12037,BP4
12040,BP4
12048,BP4
12059,BP4
12072,BP4
12077,BP4
12102,BP4
12113,BP4
12130,BP4
12154,BP3
12165,BP3
12176,BP3
12181,BP4
12188,BP3
12191,BP4
12205,BP3
12206,BP3
12214,BP4
12223,BP3
12244,BP4
12248,BP3
12271,BP4
12292,BP3
12300,BP3
12314,BP4
12339,BP4
12368,BP3
12382,BP3
12409,BP3
12419,BP4
12424,BP4
12475,BP4
12486,BP4
12489,BP3
12496,BP4
12505,BP4
12510,BP4
12515,BP4
12519,BP1
12526,BP4
12533,BP4
12536,BP3
12547,BP3
12581,BP4
12588,BP3
12654,BP4
12665,BP4
12668,BP3
12671,BP4
12672,BP4
12679,BP3
12685,BP4
12702,BP3
12714,BP4
12743,BP4
12757,BP3
12761,BP4
12809,BP4
12818,BP4
12869,BP4
12878,BP4
12880,BP3
12888,BP3
12896,BP3
12899,BP4
12904,BP2
12918,BP4
12950,BP2
12964,BP3
12974,BP3
12976,BP4
12977,BP4
12985,BP4
12989,BP3
12999,BP4
13000,BP4
13014,BP4
13016,BP4
13020,BP4
13058,BP4
13072,BP4
13073,BP3
13079,BP4
13080,BP4
13084,BP4
13091,BP3
13096,BP4
13106,BP4
13113,BP3
13114,BP2
13129,BP3
13158,BP1
13168,BP4
13171,BP4
13176,BP2
13185,BP3
13196,BP3
13209,BP2
13211,BP3
13224,BP4
13234,BP3
13235,BP2
13251,BP4
13266,BP4
13267,BP4
13272,BP4
13275,BP4
13276,BP4
13281,BP4
13285,BP4
13296,BP4
13300,BP4
13301,BP4
13308,BP4
13309,BP4
13311,BP4
13323,BP4
13340,BP4
13353,BP4
13354,BP4
13359,BP4
13364,BP4
13372,BP4
13374,BP4
13379,BP4
13383,BP2
13392,BP3
13401,BP4
13409,BP3
13416,BP3
13452,BP4
13461,BP4
13462,BP4
13468,BP3
13476,BP4
13477,BP4
13484,BP4
13485,BP4
13499,BP4
13505,BP4
13513,BP3
13523,BP4
13526,BP4
13527,BP4
13537,BP4
13538,BP4
13553,BP4
13559,BP4
13566,BP4
13567,BP4
13568,BP1
13575,BP4
13578,BP4
13587,BP3
13592,BP4
13602,BP3
13605,BP3
13609,BP3
13621,BP4
13655,BP4
13667,BP4
13677,BP3
13678,BP3
13680,BP3
13694,BP4
13699,BP3
13703,BP4
13710,BP4
13719,BP4
13720,BP4
13722,BP2
13724,BP4
13742,BP4
13753,BP2
13760,BP4
13780,BP2
13783,BP2
13784,BP2
13792,BP3
13798,BP4
13804,BP4
13806,BP4
13813,BP4
13840,BP4
13862,BP3
13865,BP4
13875,BP4
13878,BP4
13883,BP3
13897,BP4
13900,BP2
13901,BP4
13904,BP4
13915,BP4
13921,BP4
13924,BP4
13932,BP4
13946,BP3
13951,BP4
13953,BP4
13963,BP3
13976,BP3
13981,BP3
13983,BP3
13992,BP4
13999,BP3
14009,BP3
14011,BP3
14012,BP4
14013,BP4
14014,BP3
14066,BP4
14068,BP4
14080,BP4
14083,BP2
14100,BP4
14104,BP4
14107,BP3
14118,BP3
14120,BP4
14136,BP3
14140,BP3
14149,BP3
14170,BP3
14192,BP4
14196,BP4
14198,BP4
14202,BP4
14219,BP3
14230,BP4
14242,BP4
14247,BP3
14261,BP2
14266,BP4
14269,BP3
14289,BP4
14296,BP4
14300,BP3
14306,BP3
14307,BP4
14327,BP4
14345,BP4
14348,BP3
14350,BP3
14352,BP4
14354,BP4
14376,BP4
14428,BP4
14429,BP3
14442,BP4
14445,BP4
14453,BP4
14474,BP4
14501,BP4
14509,BP4
14517,BP4
14531,BP4
14536,BP4
14539,BP4
14564,BP3
14574,BP4
14592,BP4
14598,BP3
14606,BP4
14610,BP3
14640,BP4
14670,BP4
14671,BP4
14679,BP2
14683,BP3
14684,BP3
14696,BP3
14697,BP3
14703,BP4
14704,BP4
14724,BP4
14725,BP4
14749,BP3
14757,BP4
14786,BP2
14831,BP4
14837,BP1
14863,BP4
14870,BP3
14881,BP4
14914,BP4
14916,BP4
14921,BP3
14955,BP4
14959,BP4
14963,BP2
14971,BP4
14979,BP3
15023,BP3
15033,BP4
15053,BP3
15057,BP4
15061,BP1
15073,BP4
15086,BP2
15098,BP4
15100,BP2
15120,BP1
15165,BP4
15173,BP3
15175,BP4
15178,BP4
15188,BP3
15193,BP2
15199,BP4
15200,BP3
15204,BP3
15218,BP3
15229,BP3
15242,BP4
15244,BP1
15268,BP3
15271,BP2
15277,BP4
15283,BP3
15290,BP4
15293,BP3
15316,BP4
15336,BP4
15345,BP3
15348,BP3
15368,BP3
15384,BP3
15389,BP3
15408,BP1
15425,BP4
15430,BP1
15466,BP2
15479,BP4
15487,BP4
15508,BP3
15509,BP3
15511,BP3
15512,BP3
15522,BP3
15524,BP3
15526,BP3
15532,BP3
15549,BP2
15568,BP2
15577,BP3
15582,BP3
15585,BP3
15586,BP3
15588,BP4
15592,BP4
15598,BP2
15599,BP3
15604,BP4
15637,BP3
15647,BP4
15654,BP3
15662,BP4
15664,BP2
15674,BP3
15679,BP4
15695,BP3
15708,BP3
15737,BP3
15764,BP4
15784,BP3
15787,BP3
15789,BP3
15797,BP2
15813,BP3
15814,BP3
15825,BP3
15826,BP3
15830,BP3
15831,BP3
15832,BP3
15843,BP3
15848,BP3
15849,BP3
15850,BP3
15852,BP2
15862,BP4
15864,BP3
15867,BP2
15883,BP3
15885,BP3
15900,BP3
15901,BP4
15902,BP4
15921,BP3
15922,BP3
15926,BP3
15936,BP3
15940,BP4
15943,BP3
15946,BP3
15962,BP4
15978,BP2
15986,BP3
15992,BP3
15997,BP4
16040,BP3
16041,BP3
16048,BP4
16058,BP1
16112,BP2
16113,BP4
16152,BP3
16163,BP4
16169,BP2
16173,BP3
16213,BP2
16214,BP4
16223,BP2
16227,BP3
16254,BP4
16257,BP3
16258,BP3
16262,BP2
16279,BP4
16290,BP2
16292,BP4
16323,BP4
16328,BP3
16360,BP2
16367,BP4
16374,BP3
16379,BP3
16392,BP3
16396,BP4
16453,BP2
16458,BP3
16470,BP2
16471,BP4
16477,BP3
16479,BP4
16497,BP3
16522,BP4
16531,BP3
16558,BP3
16570,BP2
16573,BP2
16578,BP2
16589,BP3
16592,BP4
16618,BP2
16623,BP3
16645,BP4
16651,BP3
16657,BP3
16659,BP4
16667,BP2
16677,BP3
16688,BP3
16697,BP4
16729,BP4
16752,BP2
16772,BP4
16784,BP4
16790,BP2
16847,BP4
16852,BP3
16854,BP4
16863,BP2
16880,BP4
16883,BP3
16885,BP3
16920,BP2
16931,BP2
16935,BP3
16940,BP2
16944,BP3
16952,BP3
16960,BP1
16980,BP3
17003,BP4
17004,BP4
17006,BP4
17007,BP4
17029,BP4
17030,BP4
17038,BP4
17051,BP4
17052,BP4
17053,BP4
17055,BP4
17056,BP4
17072,BP4
17073,BP4
17074,BP4
17077,BP4
17080,BP4
17081,BP4
17086,BP4
17095,BP4
17096,BP4
17097,BP4
17099,BP4
17100,BP4
17101,BP4
17102,BP4
17105,BP4
17106,BP4
17107,BP4
17108,BP4
17113,BP4
17114,BP4
17116,BP4
17123,BP4
17124,BP4
17129,BP4
17134,BP4
17135,BP4
17136,BP4
17142,BP4
17144,BP4
17146,BP4
17148,BP4
17152,BP4
17153,BP4
17160,BP4
17161,BP4
17165,BP4
17173,BP4
17182,BP4
17185,BP4
17192,BP4
17195,BP4
17203,BP4
17205,BP4
17210,BP4
17230,BP4
17234,BP4
17241,BP4
17246,BP4
17247,BP4
17248,BP4
17251,BP4
17263,BP4
17268,BP4
17278,BP4
17279,BP4
17281,BP4
17298,BP4
17299,BP4
17305,BP4
17306,BP4
17307,BP4
17308,BP4
17311,BP4
17312,BP4
17313,BP4
17319,BP4
17322,BP4
17324,BP4
17334,BP4
17335,BP4
17340,BP4
17342,BP4
17343,BP4
17347,BP4
17348,BP4
17353,BP4
17354,BP4
17363,BP4
17370,BP4
17375,BP4
17379,BP4
17381,BP4
17389,BP4
17393,BP4
17401,BP4
17409,BP4
17411,BP4
17412,BP4
17413,BP3
17432,BP4
17434,BP4
17439,BP4
17440,BP4
17442,BP4
17450,BP4
17451,BP4
17454,BP4
17455,BP4
17458,BP4
17464,BP4
17465,BP4
17469,BP4
17471,BP4
17473,BP4
17476,BP4
17477,BP4
17483,BP4
17496,BP4
17502,BP4
17508,BP4
17509,BP4
17515,BP4
17516,BP4
17517,BP4
17518,BP4
17520,BP4
17524,BP4
17525,BP4
17529,BP4
17535,BP4
17537,BP4
17542,BP4
17544,BP4
17546,BP4
17550,BP4
17551,BP4
17555,BP4
17559,BP4
17560,BP4
17561,BP4
17565,BP4
17568,BP4
17571,BP4
17590,BP4
17597,BP4
17602,BP4
17611,BP4
17615,BP4
17617,BP4
17625,BP4
17640,BP4
17642,BP4
17649,BP4
17650,BP4
17652,BP4
17658,BP4
17660,BP3
17661,BP4
17662,BP4
17681,BP4
17685,BP4
17687,BP4
17700,BP4
17704,BP4
17705,BP4
17706,BP4
17712,BP4
17715,BP4
17721,BP4
17737,BP4
17740,BP4
17751,BP4
17755,BP3
17756,BP4
17760,BP4
17764,BP4
17771,BP4
17774,BP4
17780,BP4
17781,BP4
17788,BP4
17791,BP4
17797,BP4
17800,BP4
17804,BP4
17816,BP3
17817,BP4
17818,BP4
17821,BP4
17822,BP4
17823,BP4
17830,BP4
17835,BP4
17848,BP4
17862,BP4
17869,BP4
17883,BP3
17885,BP4
17886,BP4
17889,BP4
17895,BP4
17902,BP4
17905,BP3
17906,BP4
17908,BP4
17914,BP4
17916,BP4
17920,BP4
17921,BP4
17924,BP4
17930,BP4
17931,BP4
17932,BP4
17935,BP4
17937,BP4
17938,BP4
17943,BP4
17959,BP4
17961,BP4
17963,BP4
17964,BP4
17967,BP4
17972,BP4
17973,BP4
17981,BP4
17987,BP4
17988,BP3
17990,BP4
17998,BP4
17999,BP4
18002,BP4
18009,BP4
18013,BP4
18016,BP4
18018,BP4
18023,BP4
18027,BP4
18030,BP4
18037,BP4
18038,BP4
18041,BP4
18047,BP4
18049,BP4
18060,BP4
18062,BP4
18073,BP4
18079,BP4
18081,BP4
18084,BP4
18093,BP4
18099,BP4
18101,BP4
18104,BP4
18109,BP4
18115,BP4
18121,BP4
18122,BP4
18129,BP4
18130,BP4
18140,BP4
18146,BP4
18150,BP4
18153,BP4
18159,BP4
18170,BP4
18172,BP4
18174,BP3
18176,BP4
18177,BP4
18180,BP4
18183,BP4
18184,BP4
18185,BP4
18192,BP4
18206,BP4
18215,BP4
18222,BP4
18224,BP4
18226,BP4
18227,BP4
18231,BP4
18232,BP4
18239,BP4
18242,BP4
18249,BP4
18250,BP4
18267,BP4
18270,BP4
18284,BP4
18286,BP4
18288,BP4
18290,BP4
18294,BP4
18295,BP4
18301,BP4
18306,BP4
18310,BP4
18315,BP4
18323,BP4
18324,BP4
18327,BP4
18333,BP4
18342,BP4
18343,BP4
18344,BP4
18345,BP4
18347,BP4
18349,BP4
18351,BP4
18367,BP4
18368,BP4
18370,BP4
18374,BP4
18376,BP4
18392,BP4
18393,BP4
18396,BP4
18398,BP4
18404,BP4
18419,BP4
18421,BP4
18424,BP4
18426,BP4
18434,BP4
18444,BP4
18457,BP4
18458,BP4
18459,BP4
18471,BP4
18472,BP4
18473,BP4
18483,BP4
18489,BP4
18492,BP4
18493,BP4
18510,BP4
18512,BP4
18516,BP4
18518,BP4
18520,BP4
18523,BP4
18529,BP3
18537,BP4
18539,BP4
18542,BP4
18545,BP4
18561,BP4
18563,BP4
18574,BP4
18578,BP4
18585,BP4
18594,BP4
18601,BP4
18607,BP4
18613,BP4
18617,BP4
18625,BP4
18626,BP4
18628,BP4
18635,BP4
18638,BP4
18640,BP4
18688,BP3
18689,BP3
18692,BP3
18699,BP4
18702,BP4
